{
  "accuracy": 0.9996739425776651,
  "precision": 0.8648648648648649,
  "recall": 0.935672514619883,
  "f1": 0.898876404494382,
  "best_threshold": 0.5780174732208252,
  "confusion_matrix": [
    [
      110214,
      25
    ],
    [
      11,
      160
    ]
  ],
  "pr_auc": 0.9377599967247451,
  "roc_auc": 0.9998723135787533,
  "inference_speed": 0.10694949569266815,
  "training_time": 446.79262113571167,
  "peak_ram_gb": 10.58987045288086,
  "avg_cpu_usage": 8.025,
  "max_cpu_usage": 11.8
}