{
  "accuracy": 0.9996829997282854,
  "precision": 0.9415584415584416,
  "recall": 0.847953216374269,
  "f1": 0.8923076923076924,
  "best_threshold": 0.9767816066741943,
  "confusion_matrix": [
    [
      110230,
      9
    ],
    [
      26,
      145
    ]
  ],
  "pr_auc": 0.9255417382606217,
  "roc_auc": 0.9997617616461077,
  "inference_speed": 0.07840578630127971,
  "training_time": 324.35450315475464,
  "peak_ram_gb": 19.371402740478516,
  "avg_cpu_usage": 7.525,
  "max_cpu_usage": 12.1
}