{
    "accuracy": 0.9996014853727018,
    "f1": 0.8735632183908046,
    "recall": 0.8888888888888888,
    "precision": 0.8587570621468926,
    "best_threshold": 0.21445431675292326,
    "pr_auc": 0.8666669016835938,
    "roc_auc": 0.9990907580971466,
    "training_time": 48.729097843170166,
    "peak_ram_gb": 4.638530731201172,
    "avg_cpu_usage": 17.9,
    "max_cpu_usage": 33.7,
    "inference_speed": 0.0022869110107421875,
    "num_features": 50
}